sequence	proteins	best_score	q_value	psm_count
TLTGTAALTVQSQEDNLR	sp|P09960|LKHA4_HUMAN	0.352941	NA	4
VQQLCSLIPNQNAAFSK	sp|O75443|TECTA_HUMAN	0.312500	NA	1
QNPLPSSFPGKKITSR	sp|Q8IUR6|CRERF_HUMAN	0.300000	NA	1
HQKTHSRPATHSCPECER	sp|Q96BV0|ZN775_HUMAN	0.323529	NA	15
VTVPLMGAVSDLCEALSR	sp|Q13107|UBP4_HUMAN	0.323529	NA	1
QILQVIEAEGLKEMR	sp|Q8IXJ9|ASXL1_HUMAN	0.321429	NA	1
NLRILSLELMKLR	sp|O75330|HMMR_HUMAN	0.333333	NA	13
HERTHSEEKSYECQICGK	sp|P15621|ZNF44_HUMAN	0.235294	NA	3
ILKIWKQLPHLK	sp|Q96GR2|ACBG1_HUMAN	0.272727	NA	7
LILKGVILLIVDK	sp|P78344|IF4G2_HUMAN	0.291667	NA	13
KDSITYREVLESGLAR	sp|O15266|SHOX_HUMAN	0.233333	NA	1
SYKECVCKINDDCTLPR	sp|Q15858|SCN9A_HUMAN	0.281250	NA	2
LKFEGKTFYVIGTQK	sp|A2A2Y4|FRMD3_HUMAN	0.250000	NA	1
LNVTTPIHKIIVNR	sp|Q3ZCN5|OTOGL_HUMAN	0.230769	NA	1
TALGSSLPGLVNQTDKEK	sp|Q8IVL1|NAV2_HUMAN	0.323529	NA	1
KQNDGEMLEKEEESEPEEK	sp|O14967|CLGN_HUMAN	0.250000	NA	4
ARELYLQVIQYMRR	sp|Q9BRS2|RIOK1_HUMAN	0.230769	NA	2
LYLNRSLLTAISAQR	sp|Q9HCU4|CELR2_HUMAN	0.321429	NA	6
LLDEQEQEDEEASTGSHLK	sp|Q9HAU5|RENT2_HUMAN	0.305556	NA	4
ELTTEIDNNIEQISSYK	sp|P13645|K1C10_HUMAN	0.375000	NA	8
ALDRESVSAYELVVTAR	sp|Q9Y5H5|PCDA9_HUMAN	0.250000	NA	1
ASEKLLGSIDIDHTQYK	sp|P12882|MYH1_HUMAN	0.312500	NA	1
QRNLQLNLLLEQQK	sp|Q99996|AKAP9_HUMAN	0.307692	NA	1
DMAPSNTACCARCNTPPNLK	sp|Q9HCJ2|LRC4C_HUMAN	0.210526	NA	1
EPRPNEECLQILGNAEK	sp|P04035|HMDH_HUMAN	0.375000	NA	10
NATALAPGKNVEIHAEGAR	sp|Q5VST9|OBSCN_HUMAN	0.250000	NA	3
RAKADPLHVALEVATK	sp|Q9C0H5|RHG39_HUMAN	0.233333	NA	1
ERMLSLTQEPGEGQDMQK	sp|Q9H5I5|PIEZ2_HUMAN	0.323529	NA	4
NEIGGKPFKCEECDSIFK	sp|O14628|ZN195_HUMAN	0.294118	NA	8
TSFSQSRYSVVQSLLR	sp|Q8N961|ABTB2_HUMAN	0.333333	NA	1
QLEMLSGDGVRLDSELR	sp|Q14CN4|K2C72_HUMAN	0.343750	NA	2
RLHNQLQELKGNIR	sp|Q9BW19|KIFC1_HUMAN	0.230769	NA	1
DTQLHLDDALRSQEDLK	sp|P12882|MYH1_HUMAN	0.343750	NA	1
LDTFCGSPPYAAPELFQGK	sp|P27448|MARK3_HUMAN	0.222222	NA	1
NQANNPPANALRGGASHPGR	sp|Q9P2E3|ZNFX1_HUMAN	0.263158	NA	9
EISNFEYLMQLNTIAGR	sp|Q6ZNJ1|NBEL2_HUMAN	0.281250	NA	9
TPSPPPPIPEDIALGKK	sp|Q5T200|ZC3HD_HUMAN	0.312500	NA	1
GILLFGPPGTGKSYLAK	sp|O75351|VPS4B_HUMAN	0.218750	NA	1
SILSVQHHIRQERR	sp|Q8IZF0|NALCN_HUMAN	0.269231	NA	1
WVRMQKLEMEQVWR	sp|O00754|MA2B1_HUMAN	0.192308	NA	1
ESLKMERDQFIATLR	sp|Q02224|CENPE_HUMAN	0.285714	NA	6
SGYLLKPEFMRRPDK	sp|Q01970|PLCB3_HUMAN	0.285714	NA	1
VTQVRLQKVVCENPK	sp|Q5TEJ8|THMS2_HUMAN	0.428571	NA	24
NVRGSLKPGTESISRR	sp|Q86YZ3|HORN_HUMAN	0.366667	NA	2
ALVSAQWVAEALRAPR	sp|P25325|THTM_HUMAN	0.300000	NA	1
YHKCPYIIGTTNQPVK	sp|Q8NEY1|NAV1_HUMAN	0.266667	NA	4
LHSLQVLVLSNNALR	sp|A6NM62|LRC53_HUMAN	0.321429	NA	1
NEVYLMKNTMENQKAER	sp|Q6ZP82|CC141_HUMAN	0.281250	NA	1
GLLLRLQQEKAEIK	sp|Q5VT06|CE350_HUMAN	0.307692	NA	3
TIIIQTVPTLMPLAK	sp|P18850|ATF6A_HUMAN	0.285714	NA	2
IDLYLALLSAVSASIK	sp|Q6PGP7|SKI3_HUMAN	0.333333	NA	1
EPVQLETLSIRGNNIR	sp|P62314|SMD1_HUMAN	0.266667	NA	1
VLTSLGDAIKHLDDLK	sp|P69892|HBG2_HUMAN	0.333333	NA	1
ASKTTEAKPESKQEPVK	sp|O95071|UBR5_HUMAN	0.312500	NA	5
EKVSLLRQLELLR	sp|Q8N4Y2|EFC4A_HUMAN	0.333333	NA	5
RANSLLEETKQGNLER	sp|P07225|PROS_HUMAN	0.300000	NA	3
ETEIKIQTLTSDHKSK	sp|Q15147|PLCB4_HUMAN	0.266667	NA	1
LRNEVTVLRGENASAK	sp|P30622|CLIP1_HUMAN	0.333333	NA	1
RAIDLKAELELVLR	sp|Q2YD98|UVSSA_HUMAN	0.269231	NA	1
TKGFPCLKKPEDSSAPR	sp|Q9Y661|HS3S4_HUMAN	0.343750	NA	1
LLSPRTLPRRPYK	sp|O75064|DEN4B_HUMAN	0.416667	NA	6
ALVNHSGLSAPVPRGRK	sp|Q9P2D1|CHD7_HUMAN	0.312500	NA	3
SPIFLQFIDCVWQMSK	sp|Q13496|MTM1_HUMAN	0.200000	NA	1
ENAVPTIFLCTEPHDKK	sp|Q9NVV9|THAP1_HUMAN	0.218750	NA	2
TLDVSTDEEDKIHHSSESK	sp|P16383|GCFC2_HUMAN	0.333333	NA	7
QEDREIQDAYLQLFTK	sp|Q8TCU6|PREX1_HUMAN	0.300000	NA	1
REERELLEAQSIPLR	sp|Q96M32|KAD7_HUMAN	0.250000	NA	3
RPQNHLDAALVLSALSSS	sp|P78415|IRX3_HUMAN	0.264706	NA	1
QCLSLVIISKLLDEK	sp|Q8IX21|SLF2_HUMAN	0.285714	NA	4
ESGCSFVLALMQKHRR	sp|P07384|CAN1_HUMAN	0.166667	NA	1
AVVFGLLPVLSWLPK	sp|Q7LBE3|S26A9_HUMAN	0.321429	NA	2
GAAKPQLSAAQLQMEKK	sp|P28358|HXD10_HUMAN	0.250000	NA	1
EAGRAGHEEAATCQVLSESR	sp|Q2I0M5|RSPO4_HUMAN	0.289474	NA	1
AEHILKNLQQEEEKK	sp|Q8N2C7|UNC80_HUMAN	0.321429	NA	1
QIIDRFIRTHCDTNK	sp|Q8N6G2|TEX26_HUMAN	0.392857	NA	10
MAISAVAGILKQLKR	sp|Q14997|PSME4_HUMAN	0.250000	NA	4
TEVLFLSSRSKVFER	sp|Q8IVV2|LOXH1_HUMAN	0.357143	NA	1
KYMHWQEELIVGGTVK	sp|Q13635|PTC1_HUMAN	0.366667	NA	3
FINSPPGQYKSVPNCAMK	sp|P25874|UCP1_HUMAN	0.264706	NA	1
LAIPQQSDFHNNRYQK	sp|P07333|CSF1R_HUMAN	0.233333	NA	3
KDAFLYQRTLQFIR	sp|Q96JX3|SRAC1_HUMAN	0.269231	NA	2
MGQDAFMEPFGDTLGVFQCK	sp|A8MVW5|HECA2_HUMAN	0.210526	NA	1
KLKSDHTDVLYYNIK	sp|Q5T5J6|SWT1_HUMAN	0.357143	NA	1
QTVSQVVNAKEKFLK	sp|Q96MW7|TIGD1_HUMAN	0.285714	NA	1
KAIAKDPNYWIQVHR	sp|Q8TEW0|PARD3_HUMAN	0.250000	NA	2
KPKNPEFTSGLAIASYR	sp|P09913|IFIT2_HUMAN	0.187500	NA	1
RIGGQFGAGTESYFSLLR	sp|Q7Z404|TMC4_HUMAN	0.235294	NA	2
GHYTEGAELVDSVLDVVR	sp|P07437|TBB5_HUMAN	0.264706	NA	6
QNQLHPSSAQSRSGQPQK	sp|P25054|APC_HUMAN	0.323529	NA	1
RSSDIISLLVSIYGSK	sp|Q9UJX6|ANC2_HUMAN	0.366667	NA	7
HTYGTMNNQPEEGEEESGLR	sp|Q9P1W3|TM63C_HUMAN	0.236842	NA	5
ELINNMWTDFCVEDYIR	sp|Q3B820|F161A_HUMAN	0.312500	NA	9
TVQLTSSELESTLETLK	sp|P42704|LPPRC_HUMAN	0.218750	NA	1
TEEPMLNQHSQLQVSSNR	sp|Q7Z3G6|PRIC2_HUMAN	0.235294	NA	1
QIRSGLFVLTVRTK	sp|O15018|PDZD2_HUMAN	0.269231	NA	11
VLQIIPESMFTSLLK	sp|Q12768|WASC5_HUMAN	0.250000	NA	1
TGFRHLYKITSILK	sp|Q6V1X1|DPP8_HUMAN	0.307692	NA	5
LVSLGSRQNLCVNEDVR	sp|A8MPP1|D11L8_HUMAN	0.281250	NA	2
EKPAWLQAELEQSHPR	sp|O95613|PCNT_HUMAN	0.233333	NA	3
LSQRVCKVIPLAVR	sp|Q2M2D7|TBC28_HUMAN	0.307692	NA	2
MQYPISINVNPCIELK	sp|Q9Y6Y9|LY96_HUMAN	0.233333	NA	1
AISTICSLEKKSLLR	sp|Q9UJX3|APC7_HUMAN	0.250000	NA	1
LEEKFLEENILLLR	sp|Q9NYF0|DACT1_HUMAN	0.307692	NA	10
EGELITIGVATWGTVHR	sp|O94759|TRPM2_HUMAN	0.250000	NA	1
LKGIPVLVGLLDHPK	sp|O60716|CTND1_HUMAN	0.214286	NA	5
LLQVASPFLEPHLVR	sp|O75694|NU155_HUMAN	0.285714	NA	8
NRRGPVVVKPIPVK	sp|Q13233|M3K1_HUMAN	0.307692	NA	15
ELVSRCGEMLHIRYR	sp|Q92482|AQP3_HUMAN	0.250000	NA	1
KYEENLKAELTNWIK	sp|Q5H9U9|DDX6L_HUMAN	0.285714	NA	1
LKDGLCLSESETVNKER	sp|Q86XL3|ANKL2_HUMAN	0.312500	NA	2
SLSYSEILRLRQSER	sp|Q96JJ3|ELMO2_HUMAN	0.357143	NA	2
LVGMSEACLHRKSHSER	sp|P10828|THB_HUMAN	0.281250	NA	1
EALRKWPSSVLAFPR	sp|Q6ZN84|CCD81_HUMAN	0.321429	NA	3
DKAVFGVPLIVHVQR	sp|Q9Y3M8|STA13_HUMAN	0.285714	NA	4
NPFAHVQLKPTVTNDR	sp|Q9UQB8|BAIP2_HUMAN	0.333333	NA	1
LSAKELNHVLPLKR	sp|Q9UPQ7|PZRN3_HUMAN	0.346154	NA	33
DGAATKVDAICTYRPDPK	sp|Q8WXI7|MUC16_HUMAN	0.352941	NA	5
LPIPIDRFRGSHLR	sp|Q8IZD9|DOCK3_HUMAN	0.346154	NA	1
MGTLPARRHIPPWVK	sp|A6NC42|DPPA5_HUMAN	0.285714	NA	4
IAPQYYDMSNFPQCEAKR	sp|O43143|DHX15_HUMAN	0.264706	NA	2
RHTDISQSVSNGLIAIK	sp|Q9UJX5|APC4_HUMAN	0.281250	NA	2
VGVLTVSDSCFRNLAEDR	sp|Q9NQX3|GEPH_HUMAN	0.323529	NA	2
DDVNRLCRVCACHLCGGR	sp|Q96T88|UHRF1_HUMAN	0.264706	NA	1
RIHKGEKPYECYICGK	sp|P17014|ZNF12_HUMAN	0.333333	NA	2
EAVLDAHFLVLASDLGK	sp|Q9NXX6|NSE4A_HUMAN	0.406250	NA	6
LPGPPGKPKVLARTK	sp|Q8WZ42|TITIN_HUMAN	0.285714	NA	11
KGSSGAPQTSRMPVPMSAK	sp|Q5T5P2|SKT_HUMAN	0.333333	NA	2
RETPPLEDLAANQSEDPR	sp|Q9P2K9|DISP3_HUMAN	0.294118	NA	3
EQTDQTQVQELHRSQDR	sp|P0C7V9|ME15P_HUMAN	0.312500	NA	2
GQGNWGPPGGEMTFSIPTHK	sp|Q92945|FUBP2_HUMAN	0.315789	NA	7
KDFGFLVDILYSALR	sp|O94822|LTN1_HUMAN	0.392857	NA	6
LFINEEKILWSGFSR	sp|P41180|CASR_HUMAN	0.214286	NA	3
QLLLSELLEHLLEK	sp|P42575|CASP2_HUMAN	0.346154	NA	13
RNLGTTTDTLEIRIR	sp|Q5CZC0|FSIP2_HUMAN	0.285714	NA	1
ESTLQLLSLVQHGQGAR	sp|Q8IZL2|MAML2_HUMAN	0.312500	NA	1
TGLLMKLLSEQQELR	sp|Q49AS3|L37A5_HUMAN	0.285714	NA	1
VCGQAFRQRSALTVHK	sp|Q5FWF6|ZN789_HUMAN	0.366667	NA	4
SPIRQDRGEFSASPMLK	sp|Q9UQ35|SRRM2_HUMAN	0.218750	NA	2
KFFLSHPAYRHIADR	sp|Q9UQ16|DYN3_HUMAN	0.321429	NA	1
KQLGHHIGARAVHDDPK	sp|P20929|NEBU_HUMAN	0.218750	NA	5
KEAAASGLPLMVIIHK	sp|O95881|TXD12_HUMAN	0.333333	NA	10
ELPDSQLVQPLVYMER	sp|O43529|CHSTA_HUMAN	0.300000	NA	2
QKPPTGRKVQLTPAR	sp|Q9P227|RHG23_HUMAN	0.321429	NA	3
VVDARLRLSEELSGGR	sp|Q9P1U1|ARP3B_HUMAN	0.333333	NA	1
RVIHQFFCDVPQMLK	sp|Q9UGF5|O14J1_HUMAN	0.392857	NA	5
LHATTSTASKVNTSKPR	sp|Q8ND82|Z280C_HUMAN	0.250000	NA	2
NQRNESSHGGEFGCTMEELR	sp|Q01814|AT2B2_HUMAN	0.263158	NA	9
LTSQTSAHWHGLLCDRR	sp|Q9UMX2|OAZ3_HUMAN	0.312500	NA	1
LTASMAFSMLASLNLLR	sp|Q96J66|MRP8_HUMAN	0.281250	NA	1
HIQKADIHLVPVLR	sp|Q9NPG4|PCD12_HUMAN	0.307692	NA	3
ARDNPERNASCLADSQDNGK	sp|Q8N5V2|NGEF_HUMAN	0.289474	NA	1
RKGFNEGLWEIDNNPK	sp|O75475|PSIP1_HUMAN	0.366667	NA	8
QLHRPRITRICLR	sp|Q92750|TAF4B_HUMAN	0.291667	NA	3
ILGALPSMNAAIPHVPR	sp|A6NNM8|TTL13_HUMAN	0.312500	NA	1
NKGDSHLNVQVSNFKSGK	sp|Q86UE4|LYRIC_HUMAN	0.235294	NA	1
LPCVLPLKCSLDSSLR	sp|Q9P2D8|UNC79_HUMAN	0.333333	NA	1
NAKLQEKLQLVESEK	sp|H0YM25|GG6LV_HUMAN	0.321429	NA	1
NITHTPSTKAAVPLIR	sp|Q8N3C7|CLIP4_HUMAN	0.300000	NA	3
IQVLEEKVLRLTR	sp|Q9BXX0|EMIL2_HUMAN	0.333333	NA	2
VMVYRGTVHSQGEPSGHR	sp|Q9BZD7|TMG3_HUMAN	0.352941	NA	5
EAGVVAQARSVLAWHSR	sp|Q9BQG2|NUD12_HUMAN	0.281250	NA	1
TIMEIEESRQKCGATPK	sp|Q9P2D0|IBTK_HUMAN	0.343750	NA	9
VAGIYRELCLESVKNK	sp|Q5PSV4|BRM1L_HUMAN	0.233333	NA	3
REVEQWFTTQTEELNK	sp|Q15323|K1H1_HUMAN	0.333333	NA	4
LAGSELFAKVKETCQR	sp|Q5T200|ZC3HD_HUMAN	0.300000	NA	1
LQTLPPALGALSTLQR	sp|Q9HB75|PIDD1_HUMAN	0.300000	NA	6
NSLKSPAIPEGKETLSK	sp|Q5TH69|BIG3_HUMAN	0.250000	NA	2
EGVVDIYNCVKALRSR	sp|Q15262|PTPRK_HUMAN	0.200000	NA	2
EVTHAEEIRSMLEAVER	sp|Q9BXW6|OSBL1_HUMAN	0.187500	NA	1
RAQMTKYLQSNSNNWR	sp|Q7Z6Z7|HUWE1_HUMAN	0.300000	NA	1
RTPVQLLSCPPHLLK	sp|O94827|PKHG5_HUMAN	0.250000	NA	1
VFIRSKSLLLHQR	sp|O14709|ZN197_HUMAN	0.375000	NA	16
QMKIGPAYALHFRVK	sp|Q9H329|E41LB_HUMAN	0.285714	NA	3
HEGVFICRGKEDALVTK	sp|P22087|FBRL_HUMAN	0.187500	NA	1
DPLRRFDGYLNQGANNK	sp|Q6P1M0|S27A4_HUMAN	0.312500	NA	2
WIVPGGGMEPEEEPGGAAVR	sp|Q8NFP7|NUD10_HUMAN	0.289474	NA	1
THTEIEMFLRKEQQK	sp|Q9H095|DRC9_HUMAN	0.392857	NA	3
KSVLEGIIAFFSALDK	sp|Q9NVI1|FANCI_HUMAN	0.333333	NA	4
NIIHEEVEKYEKQYR	sp|P20592|MX2_HUMAN	0.321429	NA	1
TWLPAVIKIQAHWR	sp|Q86VI3|IQGA3_HUMAN	0.230769	NA	1
NQPLNPGKCACECTESPQK	sp|P49767|VEGFC_HUMAN	0.305556	NA	5
VLEPLLLLLLHPK	sp|Q5JWR5|DOP1A_HUMAN	0.333333	NA	14
AVAISCPLHYTTIMSPR	sp|Q9Y585|OR1A2_HUMAN	0.250000	NA	1
NRYNNILPYDATRVK	sp|P23467|PTPRB_HUMAN	0.321429	NA	1
KSHIANEVEENDSIFVK	sp|Q9BXW9|FACD2_HUMAN	0.156250	NA	1
DLRAANILVGERLACK	sp|P09769|FGR_HUMAN	0.233333	NA	2
TLIVRHETQEVLIK	sp|Q02817|MUC2_HUMAN	0.269231	NA	4
TRPGSFQSLSDALSDTPAK	sp|Q9H9C1|SPE39_HUMAN	0.361111	NA	3
YQFFNLRPNMAYKVK	sp|O15034|RIMB2_HUMAN	0.214286	NA	1
NNIINHFTCEILAVMK	sp|Q8NGS8|O13C5_HUMAN	0.366667	NA	6
GTAGKAINEGPPTESGKQEK	sp|A8MU46|SMTL1_HUMAN	0.184211	NA	1
ANLMQAEVEELRASLER	sp|Q9Y623|MYH4_HUMAN	0.250000	NA	1
QAEEEDEHLERTLEQNK	sp|Q8NDI1|EHBP1_HUMAN	0.312500	NA	4
FLKPDVRLSRGSIDR	sp|Q05397|FAK1_HUMAN	0.250000	NA	1
LKSPSMAVPSPGWVASPK	sp|Q86UU0|BCL9L_HUMAN	0.235294	NA	1
CSPDAFIQVALQLAFYR	sp|P28329|CLAT_HUMAN	0.187500	NA	1
NIVDDGKSQKLTQDDIK	sp|Q9UJA5|TRM6_HUMAN	0.375000	NA	4
FMLEVTEMFSIGPDKVR	sp|A8TX70|CO6A5_HUMAN	0.187500	NA	2
RPKAEVEPLQRMFEK	sp|Q9P225|DYH2_HUMAN	0.285714	NA	1
QLEHDHECESLQAHDTLR	sp|Q8N0W4|NLGNX_HUMAN	0.264706	NA	2
ILSEKLCLLQGFKK	sp|Q9BXL6|CAR14_HUMAN	0.307692	NA	1
HLAIGLVHNGQYRIK	sp|Q9BXJ2|C1QT7_HUMAN	0.285714	NA	4
TAKDCVMMFTYVELPSGK	sp|P18084|ITB5_HUMAN	0.352941	NA	6
ETLRLRPPIMIMMR	sp|Q16850|CP51A_HUMAN	0.307692	NA	2
RIAFILYLVPPWDR	sp|Q8N543|OGFD1_HUMAN	0.269231	NA	2
ATVDGVLLVVLKELK	sp|Q9UPS6|SET1B_HUMAN	0.285714	NA	2
MAAVDSFYLLYREIAR	sp|Q3SXM5|HSDL1_HUMAN	0.333333	NA	1
QGESATLRCTIDDRVTR	sp|Q14982|OPCM_HUMAN	0.312500	NA	2
VTQLYMQLLHEIIR	sp|Q9UKU9|ANGL2_HUMAN	0.346154	NA	3
KFASALSKFVEEQNLK	sp|Q16875|F263_HUMAN	0.266667	NA	1
ILNQTADMLQLASKYK	sp|Q9UKU9|ANGL2_HUMAN	0.266667	NA	1
KALTDAGCNLNPLQYIK	sp|Q8WVM8|SCFD1_HUMAN	0.218750	NA	4
LQEESDYITHYTRSAPK	sp|Q58DX5|NADL2_HUMAN	0.281250	NA	3
RFGDDLNHISCVIKER	sp|Q8IXM2|BAP18_HUMAN	0.266667	NA	2
KYHISALYVVDLKK	sp|Q9NYU1|UGGG2_HUMAN	0.307692	NA	1
LEAEMELKDLHQPKR	sp|Q8TC05|MDM1_HUMAN	0.285714	NA	2
TPGPKDRIVMEVTLNK	sp|O15018|PDZD2_HUMAN	0.333333	NA	3
QGQPVLVSGVHKKLK	sp|Q7LBC6|KDM3B_HUMAN	0.250000	NA	2
AHLMKEGRLEESVALR	sp|Q08209|PP2BA_HUMAN	0.233333	NA	2
EGLEQAVRYAKALGCPR	sp|Q5T013|HYI_HUMAN	0.375000	NA	14
DRKEVYDDVLFFLAK	sp|Q6NWY9|PR40B_HUMAN	0.321429	NA	5
AREVAFIHIQRELR	sp|C9J069|AJM1_HUMAN	0.346154	NA	1
AALLIIVLGVILTK	sp|P43362|MAGA9_HUMAN	0.346154	NA	46
TVRAVQGRLLQLSR	sp|Q8IYA8|IHO1_HUMAN	0.346154	NA	8
KELETEFGTEPGKEVER	sp|Q9P2K1|C2D2A_HUMAN	0.312500	NA	2
EESAADWALYTYEDGSDDLK	sp|Q16643|DREB_HUMAN	0.210526	NA	1
SLRLQWVPGSDGASPIR	sp|Q7Z5N4|SDK1_HUMAN	0.312500	NA	1
LPSQYNFAMNVLGRVK	sp|Q8TEM1|PO210_HUMAN	0.266667	NA	1
LPPKNVYYYRCPDHR	sp|Q5VU57|CBPC6_HUMAN	0.285714	NA	1
LAEIFSLKTQLRGSR	sp|O15049|N4BP3_HUMAN	0.214286	NA	2
LIGTDNRLIARPALR	sp|P82987|ATL3_HUMAN	0.250000	NA	4
EEIGNRYIEIFPSRR	sp|Q12849|GRSF1_HUMAN	0.214286	NA	1
MRLPNLLEHESLAEVK	sp|Q5T4F7|SFRP5_HUMAN	0.233333	NA	3
VLCQGLKDSPCQLEALK	sp|P13489|RINI_HUMAN	0.218750	NA	1
LQCKTVGLLSNISTHK	sp|Q7Z5J8|ANKAR_HUMAN	0.233333	NA	2
QKLFQEDDEIPLYLK	sp|P14406|CX7A2_HUMAN	0.178571	NA	1
LVTAKGGLVEVINRK	sp|A6NKF2|ARI3C_HUMAN	0.250000	NA	1
SRACLECELTSKDVTLR	sp|Q8N9C0|IGS22_HUMAN	0.312500	NA	5
LHERKCEPIIMTVPR	sp|Q9ULV4|COR1C_HUMAN	0.285714	NA	1
DKGPYYTHLGAGPSVAAVR	sp|Q8NFU7|TET1_HUMAN	0.277778	NA	4
KIVKEAHEPLAVADAK	sp|Q9Y2X3|NOP58_HUMAN	0.233333	NA	1
EQLLVTIQKTFNYNK	sp|Q7Z4N2|TRPM1_HUMAN	0.250000	NA	1
TAAHAIPKLYSLDSDQK	sp|Q13367|AP3B2_HUMAN	0.343750	NA	4
QVITKEYELFEFRR	sp|Q9NRW7|VPS45_HUMAN	0.384615	NA	1
EPPASGRVALVKVLDK	sp|O14511|NRG2_HUMAN	0.366667	NA	18
FAEALITFVSDNSVLHR	sp|Q8WWI5|CTL1_HUMAN	0.250000	NA	3
LQEYGSIFTDAQDPGLQR	sp|A8MWX3|WASH4_HUMAN	0.323529	NA	1
KIYDFLIREGYITK	sp|O75478|TAD2A_HUMAN	0.269231	NA	5
SLAEANNLSFPLEPLSR	sp|Q8ND76|CCNY_HUMAN	0.281250	NA	1
NPQTKKIQITSSVFK	sp|Q9BRQ4|CF300_HUMAN	0.250000	NA	1
ALCYLVLKQYTEAVK	sp|Q15785|TOM34_HUMAN	0.214286	NA	5
YYECDVLPFMEIGSVAHK	sp|Q5T9L3|WLS_HUMAN	0.294118	NA	8
HHLGRDSKFVLCYAQK	sp|Q9Y239|NOD1_HUMAN	0.266667	NA	4
EIDKEEHLYILVCTR	sp|Q96JG8|MAGD4_HUMAN	0.357143	NA	3
GALYKTLVSEGMLTSLR	sp|Q8WY36|BBX_HUMAN	0.187500	NA	1
ILKSHVEKLDNQVSK	sp|Q9Y2D8|ADIP_HUMAN	0.357143	NA	1
EIMLGLKRLPDLIK	sp|Q06210|GFPT1_HUMAN	0.269231	NA	1
CIVQVIRKSYLEYK	sp|Q6ZRQ5|MMS22_HUMAN	0.192308	NA	1
TPQPPPPSPPMKLELK	sp|Q9BWN1|PRR14_HUMAN	0.333333	NA	2
RHKYSSSDDDYSLSCSQSR	sp|Q9UKJ3|GPTC8_HUMAN	0.250000	NA	6
SLLCLLCSSSQEHRDHR	sp|A6NDI0|TR49B_HUMAN	0.281250	NA	1
VATVDFTELEWHICSNR	sp|Q8N4L1|T151A_HUMAN	0.343750	NA	1
NCISYVFEGKMLEAKK	sp|O95248|MTMR5_HUMAN	0.300000	NA	1
KYPVAHFIDQTLKAK	sp|P05155|IC1_HUMAN	0.285714	NA	1
LGGYLAEEQATPENPTIR	sp|O75165|DJC13_HUMAN	0.176471	NA	1
MVLAYLFAQLSLWSR	sp|Q6IA69|NADE_HUMAN	0.357143	NA	1
RLCEIFTRMFADPHGK	sp|O75122|CLAP2_HUMAN	0.333333	NA	1
TAAVGPLVGAVVQGTNSTR	sp|Q14410|GLPK2_HUMAN	0.333333	NA	2
DVLCGYLLCTNIGNIPR	sp|Q9P0K1|ADA22_HUMAN	0.312500	NA	1
EQGVEEHETLLLRRK	sp|Q9Y490|TLN1_HUMAN	0.321429	NA	1
LMKIEKFFPHVLEK	sp|Q9BRT9|SLD5_HUMAN	0.269231	NA	2
ILPEYLSNWTMEKVR	sp|O95831|AIFM1_HUMAN	0.250000	NA	2
QAGITVRMVTGDNINTAR	sp|P23634|AT2B4_HUMAN	0.294118	NA	1
KEKELVTTVQSLQQK	sp|Q5SZL2|CE85L_HUMAN	0.285714	NA	2
SLLALINVLNALADAK	sp|Q86Y91|KI18B_HUMAN	0.300000	NA	4
QPDGDEEESTALSINEEMQR	sp|Q0D2I5|IFFO1_HUMAN	0.236842	NA	1
NPLGLIIALDENKEAK	sp|O43451|MGA_HUMAN	0.300000	NA	1
ALKDQINQLELLLK	sp|Q13439|GOGA4_HUMAN	0.307692	NA	4
TMLAKAVAHHTTAAFIR	sp|P43686|PRS6B_HUMAN	0.281250	NA	8
KGQKLSADGHLQVLHK	sp|Q6ZP82|CC141_HUMAN	0.300000	NA	5
SEDVMDLTEGDSEASASAPPAAK	sp|A0A1W2PP81|TFKL5_HUMAN	0.227273	NA	1
GEVVMASSAHDRLACDPNTK	sp|Q9ULK6|RN150_HUMAN	0.289474	NA	2
RLVECGSLFKGICALR	sp|O15031|PLXB2_HUMAN	0.266667	NA	2
SINYDEKDPFLCNACGFCK	sp|Q5T4S7|UBR4_HUMAN	0.277778	NA	8
IAVRGLAPEQRVTLR	sp|Q8N9L9|ACOT4_HUMAN	0.214286	NA	1
KFSIFEEKVFSVNGAR	sp|P57060|RWD2B_HUMAN	0.300000	NA	1
QEETISIIRLIEQAR	sp|Q12767|TMM94_HUMAN	0.250000	NA	1
KQLCSFQIYEVPWEDR	sp|P09228|CYTT_HUMAN	0.333333	NA	5
WFHSFQIHERTHSEEK	sp|Q08AG5|ZN844_HUMAN	0.300000	NA	2
QNTQLELNITELWQK	sp|Q96MR6|CFA57_HUMAN	0.321429	NA	3
VSAALEEADKMFLRTR	sp|Q9Y6B2|EID1_HUMAN	0.366667	NA	7
FLAPPVTTWDWTRAEK	sp|Q9NSN8|SNTG1_HUMAN	0.400000	NA	3
AIKFSEADYFGNVLQTR	sp|P78562|PHEX_HUMAN	0.218750	NA	1
VGFRHCKDYVAYVWAK	sp|Q15735|PI5PA_HUMAN	0.200000	NA	4
WLRRFQASQGENLEGK	sp|Q7Z3K3|POGZ_HUMAN	0.233333	NA	7
EQRVYWSDVRTQAIK	sp|Q07954|LRP1_HUMAN	0.214286	NA	3
LTQERGRAQADLALEK	sp|Q14980|NUMA1_HUMAN	0.233333	NA	1
IFSGVFVKVTPQNLK	sp|Q6DKI1|RL7L_HUMAN	0.357143	NA	4
KFAREEIIPVAAEYDK	sp|P11310|ACADM_HUMAN	0.200000	NA	1
TSDKANNNRGLSSSSGSGGSSK	sp|O60239|3BP5_HUMAN	0.285714	NA	1
LVYEKDLRLHEYMK	sp|Q86UK0|ABCAC_HUMAN	0.307692	NA	3
ALLRDYAEACRDASAEAR	sp|Q9BSF4|TIM29_HUMAN	0.323529	NA	1
AGIEDVCGHWSHYQVRDK	sp|Q6AI14|SL9A4_HUMAN	0.235294	NA	2
VLGLDALQAGGKYVAAGR	sp|A8MYV0|DCD2C_HUMAN	0.235294	NA	1
NVKRTSPEELLNDHAR	sp|Q9NS25|SPNXB_HUMAN	0.233333	NA	1
QEAQALSGQAKRAELYR	sp|A6NC98|CC88B_HUMAN	0.187500	NA	1
GEEPWTSFAGHTCLEENWK	sp|Q8N184|ZN567_HUMAN	0.222222	NA	1
VGLRLAACLLNVSEAGR	sp|E5RQL4|FONG_HUMAN	0.218750	NA	1
VEAKSHLQWQESRLK	sp|O15535|ZSC9_HUMAN	0.250000	NA	1
AAVPGNTSTPSCQSTNGQPQR	sp|P13497|BMP1_HUMAN	0.300000	NA	7
IAELEEELVCVQKEAAK	sp|Q14789|GOGB1_HUMAN	0.187500	NA	1
QPFDSIFHSVRAEDDFK	sp|Q9NS56|TOPRS_HUMAN	0.312500	NA	1
KYSLPKDTPQDIIIK	sp|A0A087WXM9|MEIKN_HUMAN	0.250000	NA	1
EPLLVNESLNVENSGFR	sp|Q8NFC6|BD1L1_HUMAN	0.312500	NA	4
QQVVSLAAMREPSLLR	sp|Q9Y2K6|UBP20_HUMAN	0.333333	NA	1
THTEERPYECNHCGKGFR	sp|P17098|ZNF8_HUMAN	0.264706	NA	18
DNLASTRKYFTQFCVK	sp|Q5VIR6|VPS53_HUMAN	0.333333	NA	5
IAVVGASGVGKTALVVR	sp|Q9BPW5|RSLBB_HUMAN	0.343750	NA	1
NQAKQQSESGRLSLGASR	sp|O43318|M3K7_HUMAN	0.323529	NA	2
ACPKCNVQFNLLDPLK	sp|Q8ND82|Z280C_HUMAN	0.366667	NA	4
LCGLPGLQRPAAEMPLR	sp|Q9Y3A0|COQ4_HUMAN	0.281250	NA	1
KAQKPVKEGQPSPADEK	sp|O75351|VPS4B_HUMAN	0.343750	NA	2
TLQQQLGKNIKFGQR	sp|Q6ZU35|CRACD_HUMAN	0.250000	NA	2
LEDNDSAASDPDAETTARTNGK	sp|Q9BYV8|CEP41_HUMAN	0.261905	NA	2
KDGWSQYHFVASSSTIER	sp|Q9UQB3|CTND2_HUMAN	0.352941	NA	6
HGEFWLEFNSGSLFCVTK	sp|Q96BY7|ATG2B_HUMAN	0.294118	NA	2
VNENAAAGTRLVLPFAR	sp|Q9Y5G8|PCDG5_HUMAN	0.250000	NA	2
SSSPNNTNPFGSTFCFGLQR	sp|Q9BSU1|PHAF1_HUMAN	0.263158	NA	1
TPVPSKYIRFIFNR	sp|Q9UBF2|COPG2_HUMAN	0.346154	NA	3
LPFTVVHEREIPLK	sp|Q96S52|PIGS_HUMAN	0.307692	NA	1
HKMPPPQAFTCNTADAPSK	sp|Q8IXI2|MIRO1_HUMAN	0.277778	NA	2
ATTPADGEEPAPEAEALAAAR	sp|Q96S44|PRPK_HUMAN	0.300000	NA	2
AICGLQSQYEIEGYNAWR	sp|Q2WGJ9|FR1L6_HUMAN	0.264706	NA	1
QAAFREGLEQAVRYAK	sp|Q5T013|HYI_HUMAN	0.333333	NA	1
GTRFSEAWEYFHLAPAR	sp|Q9BTP6|ZBED2_HUMAN	0.312500	NA	2
SLEDVTAEYIHKAEHEK	sp|Q9P0K7|RAI14_HUMAN	0.250000	NA	12
TPNGEVGAMDLTQLQKEK	sp|Q92805|GOGA1_HUMAN	0.235294	NA	1
NSLISYLEQIHRGVK	sp|P16870|CBPE_HUMAN	0.428571	NA	1
VFAYDHCFWSMDESVKEK	sp|Q9NQT8|KI13B_HUMAN	0.205882	NA	2
RTCILEPTGKGKPSGCR	sp|Q5T6C5|AT7L2_HUMAN	0.312500	NA	1
HLDQHEVRYLQFAFR	sp|Q8WUA7|TB22A_HUMAN	0.178571	NA	1
AINIGQLVDVKVLEK	sp|Q14690|RRP5_HUMAN	0.321429	NA	9
HFLMSDRSLHLEASLDK	sp|P32121|ARRB2_HUMAN	0.187500	NA	2
IQELQKKELQLLR	sp|Q02224|CENPE_HUMAN	0.333333	NA	5
TRTNVPTFSQSNLEQQK	sp|Q96BU1|S1PBP_HUMAN	0.343750	NA	3
FLILPMERKMSLLK	sp|Q7Z7H3|CATIP_HUMAN	0.307692	NA	9
TLADSLDNANDPHDPIVNR	sp|Q8TF46|DI3L1_HUMAN	0.250000	NA	1
YRAENIVLLELDMPSR	sp|O15066|KIF3B_HUMAN	0.200000	NA	3
QQNSNPRLKNVSKPK	sp|P42696|RBM34_HUMAN	0.357143	NA	4
KKGSFFISQVVLTPK	sp|Q63HM9|PLCX3_HUMAN	0.285714	NA	2
QAPELSLSSQDLELVTK	sp|O00273|DFFA_HUMAN	0.312500	NA	1
ILNMEDDQNWYKAELR	sp|Q13588|GRAP_HUMAN	0.300000	NA	1
TTRTSDVGGYYYEKIER	sp|P46821|MAP1B_HUMAN	0.343750	NA	5
SVFSSKALVKMQLLK	sp|Q9HDD0|PLAT1_HUMAN	0.250000	NA	4
AGYPRGIHTLGFPPTVR	sp|P08254|MMP3_HUMAN	0.281250	NA	2
VFCVEEEDSESSLQKRR	sp|Q14684|RRP1B_HUMAN	0.312500	NA	4
GHVTERQQIVSGRNAAR	sp|Q9UQ49|NEUR3_HUMAN	0.281250	NA	5
VAELMVYREADWVKK	sp|O43156|TTI1_HUMAN	0.285714	NA	2
ESAQCVGDEFLNCKLATR	sp|Q9Y5X2|SNX8_HUMAN	0.323529	NA	4
QSTDLPTGWEEAYTFEGAR	sp|Q9HAU0|PKHA5_HUMAN	0.277778	NA	3
VGIDDVRDYLFAVNIK	sp|Q8N1G2|CMTR1_HUMAN	0.300000	NA	1
IMATSGVVAVRLIIR	sp|Q7Z460|CLAP1_HUMAN	0.214286	NA	2
QLSVIPPMMFDAEQRR	sp|O75376|NCOR1_HUMAN	0.333333	NA	2
QLTEDVAKLEKEMEQK	sp|Q8N6M0|OTU6B_HUMAN	0.233333	NA	1
ADIPVKSSPQAAVPYKK	sp|Q9H2P0|ADNP_HUMAN	0.187500	NA	1
VPSDNHFAFTQKTGFWR	sp|Q86X52|CHSS1_HUMAN	0.281250	NA	1
RLMTICQKHFPTDPSK	sp|Q99633|PRP18_HUMAN	0.266667	NA	3
LAGPPSCIVPLMRQYR	sp|Q9P286|PAK5_HUMAN	0.300000	NA	1
EDCVDINECSLSDNLCRNGK	sp|P35556|FBN2_HUMAN	0.315789	NA	11
KLAEQCGGLQGFLIFR	sp|A6NHL2|TBAL3_HUMAN	0.333333	NA	4
ELCSLNQEDFFQRVPR	sp|Q06546|GABPA_HUMAN	0.333333	NA	7
NGFSGLFSGLIPRLIK	sp|Q8TBP6|S2540_HUMAN	0.233333	NA	1
HSVFVVGGAGTGKSQVLR	sp|Q9NYC9|DYH9_HUMAN	0.235294	NA	1
VDAILDMNFRPLANLR	sp|O75325|LRRN2_HUMAN	0.333333	NA	3
SPAAVTEPETNKFDSTGYDK	sp|O75449|KTNA1_HUMAN	0.210526	NA	1
TTIFTDAKESSTVFELK	sp|Q15370|ELOB_HUMAN	0.375000	NA	6
QDQLPSFPKNCTLELK	sp|Q5H8C1|FREM1_HUMAN	0.366667	NA	1
TLLGGTGKASLARLLK	sp|Q9NQW8|CNGB3_HUMAN	0.266667	NA	24
TPSEAERWLEEVSQVAK	sp|Q9Y6R0|NUMBL_HUMAN	0.250000	NA	1
MIPLMERIAWEIAER	sp|Q8IVF4|DYH10_HUMAN	0.321429	NA	1
NLLIVFKRCCNSQVK	sp|O60281|ZN292_HUMAN	0.285714	NA	7
INTLVRYLLHRAK	sp|O14649|KCNK3_HUMAN	0.416667	NA	16
DSFKQSLESLSSGLCKGR	sp|Q7LBC6|KDM3B_HUMAN	0.176471	NA	1
EFAAMEAAALKAYQEDLK	sp|O75554|WBP4_HUMAN	0.147059	NA	1
FSILTKHKVIHTGEK	sp|O43345|ZN208_HUMAN	0.321429	NA	4
AALRPAVSSSDQQSLIR	sp|Q8IZA0|K319L_HUMAN	0.250000	NA	3
EDEDIAKAIELSLQEQK	sp|O75886|STAM2_HUMAN	0.218750	NA	1
TVTETVRRALVINMR	sp|Q99758|ABCA3_HUMAN	0.285714	NA	4
AHTDFFEAFKNYDESGSPR	sp|P61201|CSN2_HUMAN	0.333333	NA	8
ERIIMLFLSHWRR	sp|Q6ZVH7|ESPNL_HUMAN	0.375000	NA	2
KQLCSFEIYEVPWENR	sp|P01037|CYTN_HUMAN	0.333333	NA	7
QFLPAKAVDHEETPVR	sp|Q96PD2|DCBD2_HUMAN	0.333333	NA	1
NPGGNANYQVYDSLELKR	sp|Q0P670|SPEM2_HUMAN	0.323529	NA	1
AADEESLEGEGAGGADAAEESSGTK	sp|Q96RY5|CRML_HUMAN	0.250000	NA	1
GSRVLGSFLPEKLFK	sp|Q9UPN3|MACF1_HUMAN	0.357143	NA	10
TGGDINYEETTFSEGPERR	sp|Q86SP6|GP149_HUMAN	0.277778	NA	8
ALTELQRQRLEPFR	sp|Q96EP0|RNF31_HUMAN	0.346154	NA	15
HKRFLGHSPHVTNIR	sp|Q05BV3|EMAL5_HUMAN	0.321429	NA	9
HKQEFLDKPEDVLLK	sp|Q9H4G0|E41L1_HUMAN	0.250000	NA	1
MYRMNCCCTELQKQVEK	sp|Q9BXT4|TDRD1_HUMAN	0.250000	NA	5
AVPVSEVESLHLRLK	sp|Q8TE57|ATS16_HUMAN	0.214286	NA	6
VGCGKSSLLAAIAGELHR	sp|Q5T3U5|MRP7_HUMAN	0.235294	NA	1
IHFPLATYAPVISAEK	sp|P0DPH7|TBA3C_HUMAN	0.300000	NA	1
GLIPHKYITLPAGTEK	sp|P98171|RHG04_HUMAN	0.333333	NA	1
EINKQATRGDCLAFQMR	sp|Q66PJ3|AR6P4_HUMAN	0.312500	NA	2
LQEEQRKQENALKPK	sp|Q86TS9|RM52_HUMAN	0.285714	NA	2
QELSFAARSFYYKLR	sp|P49327|FAS_HUMAN	0.178571	NA	1
FLQRLLLLDYPPDR	sp|O60568|PLOD3_HUMAN	0.269231	NA	1
MVTPCPTSPSSPAARAGRR	sp|P22674|CCNO_HUMAN	0.194444	NA	1
LRFFREVLLEVQK	sp|Q9UNF0|PACN2_HUMAN	0.375000	NA	5
KPSKPVKKNHACEMCGK	sp|Q14119|VEZF1_HUMAN	0.187500	NA	1
LYQNREKSEEQLTLK	sp|Q7Z572|SPT21_HUMAN	0.250000	NA	1
FQHTGPGMLWSPYTMGYGK	sp|Q8N7B9|EFCB3_HUMAN	0.305556	NA	3
KPFCLELYNPSCRGQK	sp|Q9UIA0|CYH4_HUMAN	0.300000	NA	1
LEGSPVKDGLLKANCGMK	sp|Q9BXX3|AN30A_HUMAN	0.352941	NA	1
SLTYLSILRNPVTNK	sp|P09661|RU2A_HUMAN	0.250000	NA	3
LRAEIAINVHLSTLK	sp|Q16280|CNGA2_HUMAN	0.285714	NA	1
ADLDPSLDFMDSLEHDIPK	sp|Q9H1X1|RSPH9_HUMAN	0.277778	NA	4
TLLAPLSRGLYLLK	sp|Q8IWL3|HSC20_HUMAN	0.269231	NA	4
RVERLELFPVELEK	sp|Q96SB3|NEB2_HUMAN	0.346154	NA	1
GPWGGSHCRDSPVQTIRK	sp|Q9BYV1|AGT2_HUMAN	0.294118	NA	1
QYNSEILEEAISVVMSGK	sp|Q96JN0|LCOR_HUMAN	0.294118	NA	1
QNPSTLVSTLCEAEPKGK	sp|Q5GJ75|TP8L3_HUMAN	0.176471	NA	1
VEDVVVSDECRGKQLGK	sp|Q96EK6|GNA1_HUMAN	0.375000	NA	8
TLQVLIKQEIQRK	sp|Q7Z3B4|NUP54_HUMAN	0.291667	NA	1
QIGDPDLDAIGVLAPAHR	sp|Q5TGI4|SAMD5_HUMAN	0.323529	NA	1
VEKMMENHVSQASVTIR	sp|A3KMH1|VWA8_HUMAN	0.218750	NA	4
VIGPFYEIVEDKKSGR	sp|Q5T8D3|ACBD5_HUMAN	0.333333	NA	2
NLPSGEVLCGVFTREYR	sp|Q8IY21|DDX60_HUMAN	0.343750	NA	1
FQINADQLVVGDLVEMK	sp|P20648|ATP4A_HUMAN	0.187500	NA	1
GVSREEIEREVNILR	sp|O43293|DAPK3_HUMAN	0.321429	NA	14
TESVTSGPMSPEGSPSKSPSK	sp|P35612|ADDB_HUMAN	0.250000	NA	1
RGAKISETSSVESVMGIK	sp|Q15583|TGIF1_HUMAN	0.323529	NA	4
NASGEDEVLLGARPRPR	sp|O15438|MRP3_HUMAN	0.343750	NA	3
VRTAYGFCALLESPHTR	sp|Q8NCU7|C2C4A_HUMAN	0.343750	NA	3
QLKEEEKILESVAEGR	sp|Q9UJV9|DDX41_HUMAN	0.333333	NA	12
KQKSLTNLSFLTDSEK	sp|Q8NEY1|NAV1_HUMAN	0.300000	NA	6
VPITVQSIVIQSLNK	sp|Q2MV58|TECT1_HUMAN	0.321429	NA	9
RDPIIILQDRMVNSK	sp|P29803|ODPAT_HUMAN	0.357143	NA	1
LYVKLHYCVSCAIHSK	sp|P62854|RS26_HUMAN	0.333333	NA	2
KLTPVQVLEYGEAIAK	sp|Q9BX66|SRBS1_HUMAN	0.233333	NA	1
NNAITMNHRLYTEAWDK	sp|P20929|NEBU_HUMAN	0.312500	NA	7
RSLSVEHLETKSLPSR	sp|P26045|PTN3_HUMAN	0.300000	NA	3
CVERTPLSNSRSSLNAK	sp|Q9NZV8|KCND2_HUMAN	0.250000	NA	4
DFVTTAEDRSLRIWK	sp|Q9Y263|PLAP_HUMAN	0.321429	NA	1
KPCSACLKMIVNAGVNR	sp|Q9BWV3|CDAC1_HUMAN	0.375000	NA	2
RLPEMAQPVDPAHNVSR	sp|Q9BY76|ANGL4_HUMAN	0.281250	NA	2
NSVQTPVENSTNSQHQVK	sp|Q9UHI6|DDX20_HUMAN	0.352941	NA	1
IIWKALKPLLVGK	sp|O95477|ABCA1_HUMAN	0.291667	NA	10
VAVKVFFTTEEASWFR	sp|O00238|BMR1B_HUMAN	0.300000	NA	1
SATEMSGRGSVLASLSPLR	sp|A6NDY2|F90AA_HUMAN	0.250000	NA	3
DAGVGFPEYQEEDNSTYNFR	sp|P11717|MPRI_HUMAN	0.210526	NA	7
KIGDEYFTFITDCKDPK	sp|P49368|TCPG_HUMAN	0.281250	NA	8
KTVAECVLYYYLTKK	sp|Q9Y618|NCOR2_HUMAN	0.214286	NA	1
TVAEQDMKMNDMLDRIK	sp|Q8TBY8|PMFBP_HUMAN	0.343750	NA	8
QAMLYWLQQLQMKR	sp|Q9BYX2|TBD2A_HUMAN	0.346154	NA	4
LADFGSCLKLRADGTVR	sp|Q09013|DMPK_HUMAN	0.250000	NA	1
INNELRSLRCGGGTQSR	sp|Q9C0I4|THS7B_HUMAN	0.343750	NA	1
WKVMSLGPCSASCGLGTAR	sp|Q76LX8|ATS13_HUMAN	0.277778	NA	1
LLQVIAMSKAPGAPGPK	sp|Q6T4P5|PLPR3_HUMAN	0.312500	NA	1
VPVSQRLNLPVMGATR	sp|Q6PGN9|PSRC1_HUMAN	0.333333	NA	1
IAVLQCILAGLIGKK	sp|Q4G163|FBX43_HUMAN	0.250000	NA	1
LRGVVSRLFPYSNYK	sp|O94856|NFASC_HUMAN	0.250000	NA	2
AVAVDLGNRKLEISSGK	sp|Q8TCS8|PNPT1_HUMAN	0.312500	NA	1
EIGLLTCEATVNGHLYK	sp|P17948|VGFR1_HUMAN	0.343750	NA	1
KIHLVVLVKPSGAR	sp|P78310|CXAR_HUMAN	0.346154	NA	52
ASGEIISDYKYKEAFEK	sp|Q86VF7|NRAP_HUMAN	0.312500	NA	2
ANFGDVVPRRDFEMQEK	sp|Q2TAA8|TXIP1_HUMAN	0.312500	NA	1
VTGANTGKIFAMKVLK	sp|P23443|KS6B1_HUMAN	0.266667	NA	1
ADVLLLKEALRLER	sp|Q6P047|CH074_HUMAN	0.269231	NA	4
RYFLQLLKYIPPK	sp|P30556|AGTR1_HUMAN	0.250000	NA	7
LLARNATDMHDQDVDSCEK	sp|Q6H9L7|ISM2_HUMAN	0.305556	NA	3
KDTWTPKTKPVCPLK	sp|Q9P281|BAHC1_HUMAN	0.250000	NA	1
CRLCDEGHGLEVEINCTR	sp|P25445|TNR6_HUMAN	0.264706	NA	1
QASGGGEMFFMRTPQDLTGK	sp|P21675|TAF1_HUMAN	0.315789	NA	6
EAMGKLYNFSTSSRSQDR	sp|Q96QP1|ALPK1_HUMAN	0.294118	NA	2
RCVPVTLELTKVWR	sp|Q9H611|PIF1_HUMAN	0.346154	NA	1
LTPGVHELPVQQPEHR	sp|P80370|DLK1_HUMAN	0.366667	NA	3
AIKACLDRNPEAFKPK	sp|Q6MZP7|LIN54_HUMAN	0.300000	NA	5
SPVCGFVTPLQGPEADAHR	sp|Q9NP71|MLXPL_HUMAN	0.305556	NA	1
QIRDHIVKVFFFK	sp|Q9H2C5|O52A5_HUMAN	0.375000	NA	5
ILFQNTGRAWEDLEAR	sp|Q9Y4F5|C170B_HUMAN	0.200000	NA	1
KDTVCSSQEWVAKYGLK	sp|A6NCI4|VWA3A_HUMAN	0.218750	NA	2
LHQCKTPIIHRDLK	sp|Q2M2I8|AAK1_HUMAN	0.269231	NA	2
WEQILGDRIESSACVSK	sp|Q4L235|ACSF4_HUMAN	0.343750	NA	1
MVEAAKGAAANPENEDQQQR	sp|Q9Y4G6|TLN2_HUMAN	0.236842	NA	1
GSLSDSSSFLDTQCDSSVSSSGK	sp|Q8IZU9|KIRR3_HUMAN	0.181818	NA	2
NLEENCCVRPLYIDFR	sp|P10600|TGFB3_HUMAN	0.266667	NA	1
GLWNCTARHCPSQAFCPR	sp|A2VEC9|SSPO_HUMAN	0.235294	NA	1
VGAKSPLEIEGAAGGLLR	sp|Q8IUG5|MY18B_HUMAN	0.323529	NA	2
VYHVGLGDAAQPRNLTK	sp|Q8IWU5|SULF2_HUMAN	0.250000	NA	1
KAAQRHETLTSLNLEK	sp|Q96A26|F162A_HUMAN	0.233333	NA	1
IVERDVSHTLKLLR	sp|Q96F81|DISP1_HUMAN	0.269231	NA	6
GRQYLPLLAPRAAPR	sp|Q7KZN9|COX15_HUMAN	0.214286	NA	1
INQEEVGLAAPAPTARNK	sp|P41218|MNDA_HUMAN	0.205882	NA	2
EVIAPAGSEPWLCQPAPR	sp|Q6UWQ7|IGFL2_HUMAN	0.382353	NA	4
VRPASSGPPGCPGDARPSGR	sp|O60755|GALR3_HUMAN	0.315789	NA	1
AVIEVQTLITYIDLK	sp|Q9UL15|BAG5_HUMAN	0.285714	NA	9
TSSVQSDKKYNYPQSHK	sp|Q86UW6|N4BP2_HUMAN	0.375000	NA	12
TPELVELSSDSEDLGSYEK	sp|Q9NS56|TOPRS_HUMAN	0.305556	NA	3
KRYCYLPELLQTVR	sp|O14682|ENC1_HUMAN	0.230769	NA	1
SITQQDRDLRVDLGFR	sp|Q8NFP9|NBEA_HUMAN	0.200000	NA	1
KLHIGMENKIMQLQR	sp|Q9Y4I1|MYO5A_HUMAN	0.285714	NA	6
KPFGDFMEPKFEFAVK	sp|P37231|PPARG_HUMAN	0.366667	NA	1
TEKLVWVNQWPLPK	sp|P63133|POK8_HUMAN	0.423077	NA	26
QEPEVIYETNCHWEGCAR	sp|P10071|GLI3_HUMAN	0.323529	NA	8
VGVHTGTVLGGVLGQKR	sp|O60266|ADCY3_HUMAN	0.281250	NA	2
LSVPMPLPTVLLDRK	sp|Q8TDJ6|DMXL2_HUMAN	0.250000	NA	2
LDAIFSALGIESEDDLYK	sp|Q96MC2|DRC1_HUMAN	0.205882	NA	2
RFLLGKPSDYCIIEK	sp|O75901|RASF9_HUMAN	0.214286	NA	1
HLASHQGPTLYQCLECDK	sp|Q8N1W2|ZN710_HUMAN	0.235294	NA	1
SQLLEHMYTHKGKSYR	sp|P24278|ZBT25_HUMAN	0.333333	NA	1
EELELKCEQCEQRLGR	sp|Q9P2D7|DYH1_HUMAN	0.333333	NA	4
YQLLLKELLKYSK	sp|P10911|MCF2_HUMAN	0.291667	NA	7
GELSEEELPYYVELPDR	sp|Q9Y3R5|DOP1B_HUMAN	0.281250	NA	1
TPTAVVAPVEKTISSEK	sp|P30622|CLIP1_HUMAN	0.343750	NA	3
QKRGWDSVQQSITMVR	sp|Q8IX19|MCEM1_HUMAN	0.200000	NA	1
QTLATTPMGDVEIGLQER	sp|Q9H426|RIMS4_HUMAN	0.294118	NA	10
EQQLVSTLQCQDEELEK	sp|Q2VIQ3|KIF4B_HUMAN	0.343750	NA	14
HVVTHVGGKPFSCGICNK	sp|Q9NUA8|ZBT40_HUMAN	0.323529	NA	1
GPTKARPLMQTLPLR	sp|O00423|EMAL1_HUMAN	0.285714	NA	4
SAFRNQFSLVTAGPLDR	sp|Q9Y5F7|PCDGL_HUMAN	0.250000	NA	2
RFFILRNSFHVLK	sp|Q8IYJ2|CJ067_HUMAN	0.333333	NA	11
NLRLAFDIMRVTHGR	sp|Q9H7B4|SMYD3_HUMAN	0.285714	NA	4
TQVHQPSLVKLYQEK	sp|Q6P3X8|PGBD2_HUMAN	0.357143	NA	7
QYDTRNSRIVLICAK	sp|Q9BTV7|CABL2_HUMAN	0.321429	NA	3
TLELQGLINDLQRER	sp|P15924|DESP_HUMAN	0.357143	NA	12
KGILQHFHIEKISK	sp|Q9BU40|CRDL1_HUMAN	0.307692	NA	5
KSERTLECYVHNLLR	sp|Q9NYV6|RRN3_HUMAN	0.357143	NA	2
LQGAARVFMPLQAQVK	sp|Q7Z2Y5|NRK_HUMAN	0.366667	NA	4
ACRKSVMIGTALNTSEMK	sp|P54278|PMS2_HUMAN	0.323529	NA	1
SLFWLQKPLEEQPDK	sp|Q8NA56|TTC29_HUMAN	0.321429	NA	2
VTNTSIQFNLRNLYR	sp|Q96AD5|PLPL2_HUMAN	0.250000	NA	1
ALDCELAEAQLHTTAIDK	sp|Q8IWV7|UBR1_HUMAN	0.235294	NA	3
LKDWPPGEDFRDMMPSR	sp|Q9Y4C1|KDM3A_HUMAN	0.312500	NA	4
SLSQRSSEVEYINKYR	sp|Q8NDG6|TDRD9_HUMAN	0.200000	NA	2
HSLLKGISAQIVSAADK	sp|Q8N3P4|VPS8_HUMAN	0.312500	NA	1
KLECPDPQIVGHYMRR	sp|Q9UPW8|UN13A_HUMAN	0.200000	NA	2
LNEKNYELLKILTK	sp|Q9UI12|VATH_HUMAN	0.269231	NA	2
LSDESAMDEDKHATADSDVSSK	sp|Q5XKL5|BTBD8_HUMAN	0.238095	NA	6
RPPSGDNAREKPPSSGVK	sp|Q14241|ELOA1_HUMAN	0.235294	NA	1
QLYTFGRIVIYIDR	sp|Q9UBB9|TFP11_HUMAN	0.346154	NA	2
MFLLPLPAAGRVVVR	sp|P28838|AMPL_HUMAN	0.250000	NA	3
DGLVKRCMGTVTLNQAR	sp|P49913|CAMP_HUMAN	0.250000	NA	5
THTGEKPDGCKQCGKAFR	sp|Q8N8L2|ZN491_HUMAN	0.323529	NA	2
KPTQGNPLPPQIFNGDR	sp|Q9UJC5|SH3L2_HUMAN	0.250000	NA	2
LAPDGKSCLMLSDVCEGPK	sp|O75129|ASTN2_HUMAN	0.277778	NA	1
TLVRLQLWDIAGQER	sp|Q13637|RAB32_HUMAN	0.321429	NA	1
VSSDNGQRLLDMIETLK	sp|Q86VZ5|SMS1_HUMAN	0.218750	NA	5
VGIVGNLASGKSALVHR	sp|Q9UPQ3|AGAP1_HUMAN	0.375000	NA	11
LIAISVLKNLLIK	sp|Q9BZ29|DOCK9_HUMAN	0.333333	NA	2
ELKCETPVQFANIELK	sp|Q8IW52|SLIK4_HUMAN	0.200000	NA	1
HAEPSSSPSKVSNKFTFK	sp|Q92738|US6NL_HUMAN	0.323529	NA	2
FGIVDSYWKSLMSQAVK	sp|Q8TD57|DYH3_HUMAN	0.218750	NA	1
VRCYDTYQLSLKFER	sp|Q9BSC4|NOL10_HUMAN	0.357143	NA	5
EFLVLVFKVAQACFK	sp|Q9UBG3|CRNN_HUMAN	0.250000	NA	1
AWLLFLRGSLPTFR	sp|P07359|GP1BA_HUMAN	0.346154	NA	9
TKSSMLPPKQALASAAR	sp|Q5T036|F120S_HUMAN	0.312500	NA	3
QTSKTGVFVRTLQMDK	sp|Q8WUJ3|CEMIP_HUMAN	0.233333	NA	1
VLGKGSFGKVMLAELK	sp|Q02156|KPCE_HUMAN	0.333333	NA	6
VSLVSGMPFYGYHEKER	sp|O60673|REV3L_HUMAN	0.187500	NA	1
DLKEELCPGNLSLVDTR	sp|Q6PCB5|RSBNL_HUMAN	0.218750	NA	2
VWQKYKATFHQCDVCK	sp|Q5SVQ8|ZBT41_HUMAN	0.366667	NA	7
